Name,Email,Phone
Степанов Максимильян Трифонович,osipovjuvenali@example.org,8 (953) 492-67-32
Носкова Евфросиния Матвеевна,ipatikostin@example.com,+7 878 256 83 73
Геннадий Гордеевич Комиссаров,nikitinsvetozar@example.net,+77994255100
Ефремова Нинель Георгиевна,mefodibobilev@example.org,+7 689 659 47 09
Лихачева Эмилия Афанасьевна,naum_1975@example.net,+7 490 076 17 45
Чеслав Бориславович Константинов,pvolkova@example.org,8 644 510 48 00
Артемий Тимурович Трофимов,mmakarova@example.net,+74361874089
Дорофей Арсеньевич Зиновьев,suhanovadrian@example.net,80493652290
Федосий Адамович Артемьев,zahar_2001@example.org,+7 286 778 7387
Ким Арсеньевич Суханов,tihonovamarina@example.net,+7 (508) 719-16-03
Владимиров Родион Матвеевич,burovakira@example.org,8 (492) 929-7261
Воронова Анжела Алексеевна,savinaklavdija@example.org,8 008 558 23 53
Поляков Рюрик Артёмович,alina1992@example.net,8 728 412 9638
Ирина Федоровна Антонова,mironovpankrati@example.com,87293161071
Маслов Мефодий Ефимович,sharapovlavr@example.org,8 (542) 510-55-20
Родионов Любосмысл Елизарович,jakub1970@example.net,+7 266 337 0216
Рыбакова Наина Кирилловна,semenovaevdokija@example.net,82891609372
Евпраксия Кузьминична Блохина,agafon49@example.com,88859522804
Михей Евсеевич Молчанов,bespalovstanislav@example.org,8 985 391 6562
Гущин Симон Архипович,alevtina38@example.com,84464225881
Калашникова Любовь Степановна,vladimiroveduard@example.org,8 496 993 80 48
Абрамова Татьяна Максимовна,ckazakova@example.net,8 (895) 382-16-42
Смирнов Силантий Зиновьевич,moise_2015@example.com,+7 364 858 21 89
Казакова Оксана Альбертовна,jzuev@example.org,8 (887) 509-3387
Вениамин Денисович Агафонов,doroninladimir@example.org,8 214 901 83 56
Лукия Кузьминична Колобова,arhip05@example.net,+77159949514
Соломон Германович Гусев,evstigne2017@example.net,+7 (587) 834-22-23
Виктория Филипповна Козлова,belovagalina@example.net,8 (568) 553-45-96
Мокей Юлианович Тетерин,makar40@example.com,+7 (647) 387-74-30
Валерьян Иосипович Белоусов,mironovaljudmila@example.com,8 133 225 0517
Соколов Куприян Терентьевич,askold_1979@example.net,8 676 890 41 14
Иванов Нифонт Григорьевич,vlas_16@example.net,8 557 887 2050
Александра Георгиевна Боброва,evse_1982@example.org,+7 014 176 0114
Беспалов Модест Глебович,miroslavkotov@example.net,+7 (480) 601-38-78
Титов Гедеон Тарасович,chernovavalerija@example.org,+7 754 624 0888
Шаров Симон Викентьевич,iljagerasimov@example.net,8 452 222 1932
Михаил Евстигнеевич Тихонов,vadim15@example.net,+7 446 693 8596
Тарас Богданович Белозеров,samolovaregina@example.org,8 (114) 569-53-89
Евдокия Леонидовна Кондратьева,arhip1998@example.com,8 271 501 9949
тов. Зайцев Лукьян Арсенович,moise00@example.net,+77968835881
Анастасия Антоновна Федорова,spoljakova@example.net,+7 (612) 806-1562
Голубева Антонина Ниловна,gmuhina@example.com,8 857 210 3900
Спартак Жоресович Михайлов,trofimovaglafira@example.net,+7 (556) 904-9570
Нестеров Гостомысл Фролович,hristofor87@example.org,84682204351
Константинов Агафон Фомич,radim_57@example.com,8 (139) 965-2326
Титов Борис Александрович,makar_48@example.net,+7 (222) 283-76-77
Эмилия Григорьевна Анисимова,eduard2001@example.com,+7 (418) 423-6853
Сорокина Василиса Михайловна,sitnikovjuvenali@example.net,8 (966) 206-6997
Елизавета Олеговна Пестова,sokrat1977@example.org,8 891 474 2182
Ермаков Климент Демидович,trofimovazinaida@example.com,+7 372 062 53 13
Кириллова Алла Ильинична,ernst_1972@example.net,8 (342) 808-88-23
Прасковья Эльдаровна Шашкова,darja1976@example.org,88190543386
Дьячков Емельян Марсович,vladimir1984@example.org,+74394977768
Агафонов Емельян Даниилович,zinovi1971@example.org,8 342 679 41 77
Валерия Игоревна Гуляева,vsevolod_1989@example.org,8 046 115 83 12
Лапин Игорь Гертрудович,sidorovakim@example.net,+7 135 077 60 68
Щукина Кира Ждановна,evdokimoveduard@example.net,8 365 205 83 91
г-жа Макарова Елена Ждановна,noskovakira@example.com,81674395522
Комарова Кира Вадимовна,petuhovplaton@example.org,+75274240758
Поляков Каллистрат Феофанович,cheslav40@example.org,8 864 166 7116
Хохлов Всеслав Владиленович,marian2023@example.net,8 (314) 425-73-07
Щукина Марфа Тимофеевна,rogovljubomir@example.net,8 341 887 3355
Большакова Зоя Руслановна,varvara_1983@example.com,8 (526) 663-09-92
Капитон Феликсович Родионов,bronislav_1998@example.net,+7 361 238 69 01
Феликс Абрамович Игнатьев,kozlovagalina@example.org,+7 038 423 88 51
Валентина Михайловна Голубева,gorbachevladislav@example.org,+7 281 218 3420
Силантий Августович Орлов,lev_1971@example.net,8 835 119 68 62
Иванов Каллистрат Адрианович,longinnikolaev@example.net,8 (116) 070-27-81
Мясникова Глафира Олеговна,korolevagap@example.net,+7 213 707 68 74
Милован Валентинович Филиппов,samuil1986@example.net,+7 (986) 177-1864
Аскольд Терентьевич Герасимов,ymolchanov@example.net,8 (480) 897-1698
Алина Богдановна Федорова,erofe1992@example.com,8 (721) 378-1601
Валентина Валентиновна Русакова,nikiforovefim@example.org,+7 108 789 96 35
Вера Александровна Бирюкова,kazakovadarja@example.com,87782691717
Лукин Антип Александрович,silinaekaterina@example.com,+7 876 944 30 38
Прохорова Нинель Анатольевна,ija_51@example.com,8 (465) 273-61-57
Муравьева Ульяна Никифоровна,zosima52@example.com,85998524454
Дорофеева Мария Яковлевна,nazarovisidor@example.org,+7 037 817 94 38
Шашкова Иванна Валентиновна,pahom95@example.com,87469553092
Болеслав Егорович Большаков,sofron_2016@example.org,+7 (670) 220-8662
Октябрина Геннадиевна Воронова,artemevsigizmund@example.org,+7 527 119 1312
Мечислав Вячеславович Наумов,simonovstanimir@example.net,+7 (444) 355-5354
Журавлева Ангелина Егоровна,januarikalinin@example.org,+7 (880) 818-87-35
Тимофеева Маргарита Робертовна,anna_2002@example.net,+7 (731) 863-16-56
Наумов Дорофей Бориславович,maksim_1994@example.org,+78558432973
Никита Эдгарович Брагин,pimen_81@example.net,82168179750
Светлана Вячеславовна Князева,kulikovmstislav@example.net,+7 292 935 29 36
Гуляева Алевтина Архиповна,vlasovratibor@example.com,8 (727) 170-4063
Вышеслав Адамович Маслов,lazarevamarfa@example.com,+7 (847) 156-3679
Рожкова Татьяна Станиславовна,julibaranov@example.org,+7 584 657 8912
Журавлев Флорентин Бенедиктович,agafonovpahom@example.org,+7 279 268 00 45
Ширяева Регина Геннадьевна,sofon_2012@example.net,8 136 828 21 71
Анна Вениаминовна Савельева,akim_1984@example.com,+7 982 026 75 77
Илья Аверьянович Тимофеев,doroninfoti@example.com,+7 (031) 778-72-22
Терентьев Мартын Матвеевич,efrem_60@example.com,+74536033637
Екатерина Борисовна Комарова,agap2014@example.net,8 872 620 87 81
Белозерова Василиса Мироновна,krasilnikovaksenija@example.net,+75098058224
Ярослав Давыдович Исаев,pankrati_2010@example.net,+75356694689
Игнатьева Агафья Яковлевна,smirnovpetr@example.com,+7 (332) 907-66-10
Тамара Валериевна Герасимова,feoktistmerkushev@example.net,+7 (453) 195-6889
